635,1234567,Punjab National Bank,12345678900,10000
309,1234567890,Punjab National Bank,12345678900,10000
643,1234,Punjab National Bank,12345678900,10000
889,12345,Punjab National Bank,12345678900,10000
825,123457,Punjab National Bank,12345678900,10000
180,asdfgh,Punjab National Bank,asdfghjkllll,10000
943,12345678,Punjab National Bank,12345678900,10000
716,123456,Punjab National Bank,12345678900,10000
465,123456,Punjab National Bank,12345678900,10000
328,asdfghj,Punjab National Bank,sdfghjkllllll,10000
338,12345,Punjab National Bank,1234567890000,10000
328,123456,Punjab National Bank,12345678900,10000
